id,slug,title,hero_md,intro_md,outro_md,meta_title,meta_description,cover_image,list_type,filter_config,limit_count,is_published,refreshed_at,created_at,updated_at,display_name,primary_metric_key,primary_metric_label
079378cb-32f9-4274-85f6-98bf4ffa0496,top-trending-roblox-social-games,Top Trending Roblox Social Games,,"Social games on Roblox are all about hanging out. Think chill hangout spots, roleplay towns, and places where chatting and meeting new people is the main event. Many social games add emotes, photo spots, simple activities, and community events so you always have something to do while you chat.

This page tracks the social experiences trending right now, ranked by live “playing now” numbers pulled from Roblox. Use it to find the busiest places to chat, roleplay, or just people-watch—social games feel totally different when servers are packed.","Social lobbies change quickly when a new hangout goes viral or friends bring a crowd. Check back anytime to see what the Roblox community is gathering in right now. Tip: if you want instant conversations, start with the top few—those are usually the fastest to find a lively server.",,"Trending Roblox social games ranked by live player count. Discover hangouts and roleplay spots that are popular right now, updated straight from Roblox.",,sql,"{""mode"": ""filter"", ""metric"": ""playing"", ""genre_l1"": ""Social"", ""direction"": ""desc""}",50,True,2025-12-07 05:16:42.287+00,2025-12-06 05:34:41.109921+00,2025-12-07 05:16:42.299108+00,Top Trending Roblox Social Games,playing,Playing now
0e74c679-67bb-4470-869d-8122f97a1bdb,top-trending-roblox-open-world-survival-rpg-games,Top Trending Roblox Open World & Survival RPG Games,,"Open World & Survival RPGs mix big maps with character progression. You’ll explore, loot, craft, and level up while trying to stay alive through tougher areas and enemies. These games often include crafting, dangerous zones, and gear checks, so planning matters as much as leveling.

These are the experiences currently trending in this sub‑genre, sorted by how many people are playing right now on Roblox. Busy RPG servers make it easier to find parties, trades, and group content, so this live ranking is a solid shortcut. When a big patch drops, player counts (and the list) can shift overnight.","In open-world RPGs, one update can turn a quiet game into the next big grind. This leaderboard refreshes with live player data, so it’s a great way to spot the newest adventure to sink time into. Top entries usually have the most active servers.",,"Trending Roblox open world & survival RPG games ranked by live player count. Find big-world quests and survival grind picks, updated live on Roblox.",,sql,"{""mode"": ""filter"", ""metric"": ""playing"", ""genre_l1"": ""RPG"", ""genre_l2"": ""Open World & Survival RPG"", ""direction"": ""desc""}",50,True,2025-12-07 05:16:47.153+00,2025-12-06 05:34:41.109921+00,2025-12-07 05:16:47.164508+00,Top Trending Roblox Open World & Survival RPG Games,playing,Playing now
0e886da7-8786-495c-a0e0-62c2dcd47eb2,top-trending-roblox-scavenger-hunt-games,Top Trending Roblox Scavenger Hunt Games,,"Scavenger hunt games turn Roblox into a giant checklist of secrets. You’ll search maps for hidden items, follow clues, and race friends to complete collections. Some scavenger hunts are relaxed and cozy, others are competitive with timers and leaderboards. Good hints and clever map design matter, and crowded servers can make the hunt feel more exciting.

Below is a live look at the scavenger hunt experiences trending right now, ranked by current players on Roblox. Because it pulls live data, you can spot which adventures just got a new chapter or event and are drawing players back in.","New events and limited-time collectibles can make a scavenger hunt explode overnight. Check back to catch the latest hunt while the community is still chasing it. If you want the most active servers (and help when you get stuck), start near the top and revisit this page after big chapter updates.",,Trending Roblox scavenger hunt games ranked by live player count. Find clue-based adventures and collectible hunts that players are into right now.,,sql,"{""mode"": ""filter"", ""metric"": ""playing"", ""genre_l1"": ""Adventure"", ""genre_l2"": ""Scavenger Hunt"", ""direction"": ""desc""}",50,True,2025-12-07 05:16:52.116+00,2025-12-06 05:34:41.109921+00,2025-12-07 05:16:52.128601+00,Top Trending Roblox Scavenger Hunt Games,playing,Playing now
12a79aa7-340d-42ce-b362-a135b67ae539,top-trending-roblox-entertainment-games,Top Trending Roblox Entertainment Games,,"Entertainment experiences on Roblox are made for watching, listening, and vibing. You might jump into a virtual concert, explore a showcase, or chill in a hub built around creators and communities. Some experiences are scheduled events, while others are always-on spaces for browsing creator content.

This page lists the entertainment games trending right now, ranked by live player activity from Roblox. If you want a crowd (and a more fun chat), the top entries are usually the most active rooms right now. Rankings can shift quickly around new events, premieres, and creator drops.","Entertainment trends often follow big updates, new songs, and community events. If you want something relaxing (or a place to hang with friends), bookmark this list and see what’s blowing up next. Top entries usually have the biggest crowds.",,"Top trending Roblox entertainment games ranked by live players playing now. Discover concerts, hubs, and interactive shows that are popular today.",,sql,"{""mode"": ""filter"", ""metric"": ""playing"", ""genre_l1"": ""Entertainment"", ""direction"": ""desc""}",50,True,2025-12-07 05:16:51.411+00,2025-12-06 05:34:41.109921+00,2025-12-07 05:16:51.428539+00,Top Trending Roblox Entertainment Games,playing,Playing now
12d03f64-e1db-4c58-b05c-269587a854b9,top-trending-roblox-childhood-game-games,Top Trending Roblox Childhood Game Games,,"Childhood Game experiences bring back simple, familiar fun—like playground-style rounds, easy goals, and goofy moments you can jump into without a long tutorial. These games are usually simple and social, which makes them great for groups and mixed ages. The most popular ones often have quick rounds so you can jump in and start playing immediately.

Here you’ll find the childhood game titles trending on Roblox right now, ranked by live “playing now” counts. Full lobbies matter for party games, so starting near the top usually means faster rounds and less waiting.",These games spike when a new “everyone can play” mode drops or a creator adds a fresh twist on a classic. Come back anytime to see which throwback-style game is pulling the biggest crowd. Top picks usually mean faster rounds.,,"Trending Roblox childhood game experiences ranked by live player count. Find simple, nostalgic party-style games that are popular right now.",,sql,"{""mode"": ""filter"", ""metric"": ""playing"", ""genre_l1"": ""Party & Casual"", ""genre_l2"": ""Childhood Game"", ""direction"": ""desc""}",50,True,2025-12-07 05:16:49.384+00,2025-12-06 05:34:41.109921+00,2025-12-07 05:16:49.396201+00,Top Trending Roblox Childhood Game Games,playing,Playing now
16505722-2f74-4536-87af-94feed2c7682,top-trending-roblox-dress-up-games,Top Trending Roblox Dress Up Games,,"Dress Up games are where Roblox fashion shines. You’ll mix outfits, style your avatar, join runway rounds, or roleplay looks with friends and strangers. Dress up games often include themes, timers, runways, and voting, so your styling choices matter. If you want real competition (or more people to show off to), start with the most played picks.

This list shows the dress up experiences trending right now, ranked by live player counts straight from Roblox. If you want active contests and real voting, start near the top—dress up games are better with more players.","Trends in dress up games move with new themes, seasonal items, and viral challenges. Refresh this page when you want the newest fashion hangout that everyone is trying today. For active contests and real voting, start with the top entries—refresh after new themes and item drops.",,"Trending Roblox dress up games ranked by live player count. Style your avatar, join fashion rounds, and see what outfit games are hot right now.",,sql,"{""mode"": ""filter"", ""metric"": ""playing"", ""genre_l1"": ""Roleplay & Avatar Sim"", ""genre_l2"": ""Dress Up"", ""direction"": ""desc""}",50,True,2025-12-07 05:16:46.239+00,2025-12-06 05:34:41.109921+00,2025-12-07 05:16:46.249571+00,Top Trending Roblox Dress Up Games,playing,Playing now
1e2d6f24-1b30-4e2b-9f82-4e5aedcdda12,top-trending-roblox-escape-games,Top Trending Roblox Escape Games,,"Escape games in the Survival genre are about one thing: getting out. Expect chases, timed routes, hiding spots, and “don’t get caught” moments where every second matters. Escape games are built for quick adrenaline—get objectives done and get out. The top picks usually have faster round starts and more players keeping the pressure on.

These are the escape experiences trending on Roblox right now, ranked by live players currently in-game. Survival games are more intense with active rounds, and live rankings help you find them.","A new monster, map, or escape route can flip the rankings fast. Check back often to spot the latest escape game the community is racing through today. If you want nonstop rounds, start with the top entries—then check back after events, because survival trends swing fast.",,"Trending Roblox escape survival games ranked by live player count. Run, hide, and break out in the escape experiences people are playing right now.",,sql,"{""mode"": ""filter"", ""metric"": ""playing"", ""genre_l1"": ""Survival"", ""genre_l2"": ""Escape"", ""direction"": ""desc""}",50,True,2025-12-07 05:16:39.762+00,2025-12-06 05:34:41.109921+00,2025-12-07 05:16:39.781329+00,Top Trending Roblox Escape Games,playing,Playing now
1f9316a2-35d1-4050-adaf-a05c8889d8c0,top-trending-roblox-runner-games,Top Trending Roblox Runner Games,,"Runner games keep you moving. They’re built around speed, timing, and quick reactions—dodging obstacles, hitting boosts, and trying to beat your best run (or your friends). Runner games often add daily rewards, new maps, and leaderboards to keep the loop addictive. If you like competing for best runs, busy servers make it easier to race other players and compare scores.

Below is a live ranking of runner experiences trending on Roblox right now, sorted by current players. Live rankings are handy when you want active runs, races, and people attempting the same sections as you.","Runner leaderboards can change the moment a new map or event drops. If you’re looking for a fresh speed challenge, come back and see what’s pulling the biggest crowd today. Top entries usually have the busiest runs.",,"Trending Roblox runner games ranked by live player count. Find fast obby-style runs, speed challenges, and parkour games people play right now.",,sql,"{""mode"": ""filter"", ""metric"": ""playing"", ""genre_l1"": ""Obby & Platformer"", ""genre_l2"": ""Runner"", ""direction"": ""desc""}",50,True,2025-12-07 05:16:50.074+00,2025-12-06 05:34:41.109921+00,2025-12-07 05:16:50.086271+00,Top Trending Roblox Runner Games,playing,Playing now
2323ccbc-7ee5-4a69-8619-a00615b16ada,top-trending-roblox-battle-royale-games,Top Trending Roblox Battle Royale Games,,"Battle Royale shooters drop you into a match where only one team (or player) can win. You’ll loot, fight, and outlast everyone else as the game pushes players into tighter battles. Battle royale games feel very different depending on loot, map size, and pacing, so it’s worth trying a few. Active lobbies also mean quicker queues and more consistent matches.

This page tracks the battle royale games trending on Roblox right now, ranked by live player counts. Battle royale games need full lobbies, so live rankings are a quick way to find fast queues and active matches.","When a new season, weapon, or map hits, battle royale popularity spikes fast. Check the list anytime you want the BR that’s busiest right now—and jump straight into full lobbies. If you want fast queues and active matches, start with the top entries—then check back after seasons and balance updates.",,"Trending Roblox battle royale games ranked by live player count. Find last-player-standing shooters with full lobbies, updated live from Roblox.",,sql,"{""mode"": ""filter"", ""metric"": ""playing"", ""genre_l1"": ""Shooter"", ""genre_l2"": ""Battle Royale"", ""direction"": ""desc""}",50,True,2025-12-07 05:16:45.092+00,2025-12-06 05:34:41.109921+00,2025-12-07 05:16:45.106013+00,Top Trending Roblox Battle Royale Games,playing,Playing now
2a3896b4-63db-4a02-9b4d-cfe73a5e3862,top-trending-roblox-action-games,Top Trending Roblox Action Games,,"Action games are where Roblox gets loud: quick combat, boss fights, dodges, combos, and “one more round” moments. Some are PvP arenas, others are co‑op brawls or story-driven action. You’ll see everything from brawlers to boss fights, and many games use short unlock loops (new moves, gear, or modes) to keep sessions fresh.

This list updates with live Roblox data and ranks the action experiences people are playing the most right now. This list refreshes from Roblox’s live player counts, so it’s a quick way to see what the community is actually fighting in right now.","Action charts can flip overnight when a new update drops or a streamer brings a crowd. If you want the action game everyone’s jumping into today, this page keeps you in the loop. Try the top picks to find your style.",,"Trending Roblox action games ranked by live player count. See what’s popular now for PvP, boss fights, and fast-paced combat. Updated live today.",,sql,"{""mode"": ""filter"", ""metric"": ""playing"", ""genre_l1"": ""Action"", ""direction"": ""desc""}",50,True,2025-12-07 05:16:53.53+00,2025-12-06 05:34:41.109921+00,2025-12-07 16:23:33.13526+00,Top Trending Roblox Action Games,playing,Playing now
2cd2f5d2-2c46-4ce2-86c0-f5a957ff1e97,top-trending-roblox-strategy-games,Top Trending Roblox Strategy Games,,"Strategy games reward smart choices over quick reflexes. You’ll plan builds, manage resources, pick the right units, and outthink opponents (or the AI) over time. You’ll find slow, thoughtful games and fast ones with constant decisions, but both reward planning. Updates can change the best tactics overnight, which is why trending strategy games can shift quickly.

Below is a live ranking of strategy experiences trending on Roblox right now, sorted by how many people are playing. Strategy games trend when metas shift, and live data shows that in real time.","One balance patch or new meta can reshape strategy charts in a day. If you like games where planning matters, check back to see which strategy title the community is grinding now. If you want active matches (and a healthier meta), stick to the top games and refresh after balance updates.",,"Trending Roblox strategy games ranked by live player count. Find tactical, brainy experiences and see what strategy games are popular right now.",,sql,"{""mode"": ""filter"", ""metric"": ""playing"", ""genre_l1"": ""Strategy"", ""direction"": ""desc""}",50,True,2025-12-07 05:16:41.341+00,2025-12-06 05:34:41.109921+00,2025-12-07 05:16:41.353847+00,Top Trending Roblox Strategy Games,playing,Playing now
2e042bd5-a919-475c-8d8f-f866821460ca,top-trending-roblox-animal-sim-games,Top Trending Roblox Animal Sim Games,,"Animal Sim games let you live the world as a creature instead of a human. You might hunt, explore, build a den, or roleplay with a pack in wide open maps. Animal sims vary from chill exploration to survival-style progression, but they usually feel best in packs. Active servers also mean more roleplay and more players to interact with as your creature.

This page shows the animal sim experiences trending on Roblox right now, ranked by live player count. Roleplay depends on other people, so live rankings help you pick worlds that feel alive instead of empty.","Animal sims often surge when a new species, biome, or event drops. If you’re looking for the busiest animal world to join, this list updates with what players are in right now. If a world feels empty, jump to a higher-ranked game—more players usually means better roleplay and more things happening.",,"Trending Roblox animal sim games ranked by live player count. Play as animals, explore open maps, and see which animal worlds are popular right now.",,sql,"{""mode"": ""filter"", ""metric"": ""playing"", ""genre_l1"": ""Roleplay & Avatar Sim"", ""genre_l2"": ""Animal Sim"", ""direction"": ""desc""}",50,True,2025-12-07 05:16:46.454+00,2025-12-06 05:34:41.109921+00,2025-12-07 05:16:46.465908+00,Top Trending Roblox Animal Sim Games,playing,Playing now
3569a89b-d62b-4d85-b642-125b7bf2f082,top-trending-roblox-board-card-games,Top Trending Roblox Board & Card Games,,"Board & Card games on Roblox feel like game night online. Expect classic rules with Roblox twists—quick rounds, smart plays, and lots of “rematch?” energy. Board and card games are best when tables fill quickly and rematches are easy. Popular games also tend to have smoother rules, clearer UI, and more game modes to try.

These are the board & card experiences trending right now, ranked by live players currently playing on Roblox. These games are way more fun when tables fill quickly, so live rankings help you find active rooms.","A single viral variant can bring a board game back into the spotlight. Check this page to find the busiest tables and the most popular card matches today. If you want tables that fill fast, stick to the top entries—then revisit when new modes or rule twists go viral.",,Trending Roblox board & card games ranked by live player count. Jump into game-night favorites and see what card and board games are hot right now.,,sql,"{""mode"": ""filter"", ""metric"": ""playing"", ""genre_l1"": ""Strategy"", ""genre_l2"": ""Board & Card Games"", ""direction"": ""desc""}",50,True,2025-12-07 05:16:41.093+00,2025-12-06 05:34:41.109921+00,2025-12-07 05:16:41.108881+00,Top Trending Roblox Board & Card Games,playing,Playing now
35d46b88-549b-44d6-b173-a1d75908695f,top-trending-roblox-word-games,Top Trending Roblox Word Games,,"Word games are the puzzle side of Roblox—spelling, guessing, clues, and quick thinking with language. They’re great if you want something competitive without fast movement. Word games range from casual spelling to tougher pattern puzzles, so you can pick the vibe you want. If you like quick rounds, active servers usually mean more matches and less waiting.

Below is a live list of word puzzle experiences trending on Roblox right now, ranked by how many people are playing. If you prefer solving with others, the top entries are usually where you’ll find teammates and active rooms.","Word games can pop off when a new mode or daily challenge goes viral. Check back when you want a fresh brain-teaser that’s active and easy to jump into. If you’re stuck and want other players around, start with the top games—busy servers make puzzle-solving smoother and more fun.",,"Trending Roblox word games ranked by live player count. Solve word puzzles, guess clues, and see which word games players are into right now.",,sql,"{""mode"": ""filter"", ""metric"": ""playing"", ""genre_l1"": ""Puzzle"", ""genre_l2"": ""Word"", ""direction"": ""desc""}",50,True,2025-12-07 05:16:47.809+00,2025-12-06 05:34:41.109921+00,2025-12-07 05:16:47.823838+00,Top Trending Roblox Word Games,playing,Playing now
3bb97935-648a-4892-bf19-508d9738b7e3,top-trending-roblox-simulation-games,Top Trending Roblox Simulation Games,,"Simulation games on Roblox are all about doing and building—running a shop, raising pets, driving vehicles, or just living in a world with rules that feel “real.” Simulation games range from relaxing “build and grow” loops to chaotic physics playgrounds.

This page tracks the simulation experiences trending right now, ranked by live player counts pulled straight from Roblox. Live rankings help you find sims with active servers, trading, and events—stuff that makes the world feel busy. If a sim gets a big content update, it often jumps up the list fast.","Sim games trend when a new update adds more things to collect, upgrade, or customize. If you like long-term progress, check back to see which simulator everyone is playing today. If you want a sim that feels alive, start with the top picks—busy servers often mean more events, trading, and activity.",,"Trending Roblox simulation games ranked by live player count. Discover popular simulators to build, grind, and roleplay—updated live from Roblox.",,sql,"{""mode"": ""filter"", ""metric"": ""playing"", ""genre_l1"": ""Simulation"", ""direction"": ""desc""}",50,True,2025-12-07 05:16:43.916+00,2025-12-06 05:34:41.109921+00,2025-12-07 05:16:43.932814+00,Top Trending Roblox Simulation Games,playing,Playing now
42bd7e54-9f67-4e6a-8ef3-59e7fc2b559c,top-trending-roblox-puzzle-games,Top Trending Roblox Puzzle Games,,"Puzzle games focus on solving problems instead of grinding levels. Expect clues, logic challenges, pattern matching, and brain-teasers that reward patience. Puzzle games can be cozy and slow or tense with timers and traps, but the main payoff is that “I figured it out” moment. If you like steady progress, this genre is a great change of pace.

Here’s a live ranking of puzzle experiences trending on Roblox right now, sorted by current players playing now. If you prefer solving with others, the top entries are usually where you’ll find teammates and active rooms.","Puzzle charts shift when a clever new map, riddle, or daily challenge drops. Come back when you want a fresh puzzle that lots of people are tackling right now. If you’re stuck and want other players around, start with the top games—busy servers make puzzle-solving smoother and more fun.",,"Trending Roblox puzzle games ranked by live player count. Solve clues and brain-teasers, and discover which puzzle experiences are popular right now.",,sql,"{""mode"": ""filter"", ""metric"": ""playing"", ""genre_l1"": ""Puzzle"", ""direction"": ""desc""}",50,True,2025-12-07 05:16:48.48+00,2025-12-06 05:34:41.109921+00,2025-12-07 05:16:48.494209+00,Top Trending Roblox Puzzle Games,playing,Playing now
4b085919-c895-48be-a92b-a3761115d1fc,top-trending-roblox-video-games,Top Trending Roblox Video Games,,"Video entertainment experiences on Roblox are like mini theaters and watch parties. You can stream creator-made clips, sit in a virtual cinema, or hang out while something plays on screen. Some video spaces are built for quiet watching, others are loud and social with chats and reactions. If you’re watching with friends, picking an active room usually makes the experience feel less empty.

This page ranks the video experiences trending right now, based on live player counts from Roblox. If you want a crowd (and a more fun chat), the top entries are usually the most active rooms right now.","Watch-party spots get busy fast when a creator drops new content or an event goes live. If you want a video hub with real activity, this live list points you to it. If you’re looking for the best atmosphere, the top entries usually have the biggest crowds—refresh when new events and premieres drop.",,"Trending Roblox video experiences ranked by live player count. Find watch parties, virtual cinemas, and video hubs that are popular right now.",,sql,"{""mode"": ""filter"", ""metric"": ""playing"", ""genre_l1"": ""Entertainment"", ""genre_l2"": ""Video"", ""direction"": ""desc""}",50,True,2025-12-07 05:16:50.729+00,2025-12-06 05:34:41.109921+00,2025-12-07 05:16:50.742878+00,Top Trending Roblox Video Games,playing,Playing now
4b176028-992d-4a71-ac0a-89fb6b3099a3,top-trending-roblox-turn-based-rpg-games,Top Trending Roblox Turn-based RPG Games,,"Turn-based RPGs slow things down so every move matters. You’ll pick skills, manage a team, and plan your turns to win fights instead of relying on reflexes. Turn-based games reward smart choices—team roles, skill timing, and resource use. If you prefer thinking over twitch reactions, this sub‑genre is a great fit.

Below is a live ranking of turn-based RPGs trending on Roblox right now, sorted by current players. Busy RPG servers make it easier to find parties, trades, and group content, so this live ranking is a solid shortcut.","A new story chapter or balance update can quickly change what’s popular. Check back to see which turn-based RPG the community is battling through today. If you’re hunting for a new long-term grind, try the top few and revisit after big patches—RPG updates can pull huge crowds back in.",,"Trending Roblox turn-based RPG games ranked by live player count. Choose your moves, build a party, and see what tactical RPGs are hot right now.",,sql,"{""mode"": ""filter"", ""metric"": ""playing"", ""genre_l1"": ""RPG"", ""genre_l2"": ""Turn-based RPG"", ""direction"": ""desc""}",50,True,2025-12-07 05:16:46.902+00,2025-12-06 05:34:41.109921+00,2025-12-07 05:16:46.915993+00,Top Trending Roblox Turn-based RPG Games,playing,Playing now
51b64370-0754-4cb0-b66a-b34fe2d09646,top-trending-roblox-sandbox-games,Top Trending Roblox Sandbox Games,,"Sandbox sims are “do whatever you want” Roblox. Build, experiment, roleplay, test mechanics, or just mess around with friends in worlds that don’t force one strict goal. Sandbox sims are less about winning and more about tools and freedom. The most popular ones usually have more builds to explore, more players to collaborate with, and more ideas floating around.

This page shows the sandbox experiences trending right now, ranked by live player counts from Roblox. Sandbox games change as creators add tools and builds, and live rankings help you spot which worlds are busiest today.","Sandbox games grow fast when creators add new tools or players find a fun new way to play. If you want a sandbox with active servers, this live list helps you find it. If you want a busy world to explore, stick to the top entries—refresh when new tools and builds go viral.",,"Trending Roblox sandbox games ranked by live player count. Explore open-ended worlds for building, experimenting, and roleplay—updated live from Roblox.",,sql,"{""mode"": ""filter"", ""metric"": ""playing"", ""genre_l1"": ""Simulation"", ""genre_l2"": ""Sandbox"", ""direction"": ""desc""}",50,True,2025-12-07 05:16:43.001+00,2025-12-06 05:34:41.109921+00,2025-12-07 05:16:43.014752+00,Top Trending Roblox Sandbox Games,playing,Playing now
55658bfd-5c2c-428b-b33a-1029885275ed,top-trending-roblox-avatar-shopping-games,Top Trending Roblox Avatar Shopping Games,,"Avatar Shopping experiences are built for finding your next look. Browse items, try outfits on your avatar, discover UGC drops, and build a style you actually want to wear. If you’re planning a new outfit, shopping hubs save time because you can compare lots of items in one place.

These are the avatar shopping experiences trending on Roblox right now, ranked by live player activity. Trending hubs can hint at what styles players are browsing right now. Because the list updates from live data, you’ll see new shopping spots rise quickly when a creator’s items get popular.","Shopping hubs get crowded when new collections launch or creators feature a store. If you’re hunting for fresh fits, check this list for the busiest places to browse today. Start near the top to see what’s popular.",,"Trending Roblox avatar shopping experiences ranked by live player count. Find outfit stores, UGC browsing hubs, and style games that are popular right now.",,sql,"{""mode"": ""filter"", ""metric"": ""playing"", ""genre_l1"": ""Shopping"", ""genre_l2"": ""Avatar Shopping"", ""direction"": ""desc""}",50,True,2025-12-07 05:16:44.15+00,2025-12-06 05:34:41.109921+00,2025-12-07 05:16:44.162517+00,Top Trending Roblox Avatar Shopping Games,playing,Playing now
59bce70d-54b6-44bb-8a78-268e329bd5f2,top-trending-roblox-incremental-simulator-games,Top Trending Roblox Incremental Simulator Games,,"Incremental simulators are the “numbers go up” side of Roblox. You’ll click, collect, automate, upgrade, and rebirth to grow faster and faster over time. Incremental sims are about stacking boosts and unlocking the next big multiplier. Popular ones usually have more upgrades and events, which helps the grind feel rewarding instead of slow.

This page ranks the incremental simulator games trending on Roblox right now, using live player counts. Live rankings help you find sims with active servers, trading, and events—stuff that makes the world feel busy.","One new upgrade path can make an incremental sim explode in popularity. If you want the most active grind right now, this leaderboard updates as player counts change. If you want a sim that feels alive, start with the top picks—busy servers often mean more events, trading, and activity.",,"Trending Roblox incremental simulator games ranked by live player count. Find the best “numbers go up” grinds, upgrades, and rebirth sims hot right now.",,sql,"{""mode"": ""filter"", ""metric"": ""playing"", ""genre_l1"": ""Simulation"", ""genre_l2"": ""Incremental Simulator"", ""direction"": ""desc""}",50,True,2025-12-07 05:16:43.453+00,2025-12-06 05:34:41.109921+00,2025-12-07 05:16:43.469629+00,Top Trending Roblox Incremental Simulator Games,playing,Playing now
5d340f8c-0a06-444d-b5ca-b0385d75f190,top-trending-roblox-morph-roleplay-games,Top Trending Roblox Morph Roleplay Games,,"Morph Roleplay games are all about transforming. Pick a morph, become a character or creature, and roleplay in worlds built around those forms (often with lots of skins to unlock). Morph roleplay is a mix of collecting and acting—unlock forms, switch characters, and play out scenes with others. Popular games usually have more morphs, more players, and more chaos to join in.

Here you’ll find the morph roleplay experiences trending on Roblox right now, ranked by live players. Roleplay depends on other people, so live rankings help you pick worlds that feel alive instead of empty.","Morph RP games trend fast when a new set of morphs drops or a fandom gets popular. Check back to see which morph world is busiest today—and jump in while it’s active. If a world feels empty, jump to a higher-ranked game—more players usually means better roleplay and more things happening.",,"Trending Roblox morph roleplay games ranked by live player count. Transform into characters, collect morphs, and see what morph RP worlds are popular right now.",,sql,"{""mode"": ""filter"", ""metric"": ""playing"", ""genre_l1"": ""Roleplay & Avatar Sim"", ""genre_l2"": ""Morph Roleplay"", ""direction"": ""desc""}",50,True,2025-12-07 05:16:45.769+00,2025-12-06 05:34:41.109921+00,2025-12-07 05:16:45.782083+00,Top Trending Roblox Morph Roleplay Games,playing,Playing now
5d9125b6-62f9-40f7-a545-9600dc7e4bfb,top-trending-roblox-showcase-hub-games,Top Trending Roblox Showcase & Hub Games,,"Showcase & Hub experiences are made to explore, not to “win.” Think beautiful builds, interactive showcases, and hub worlds that act as a home base for communities or portals to other games. Hubs are great when you don’t know what to play next, because they act like a mini discovery page inside Roblox.

This page lists the showcase & hub experiences trending on Roblox right now, ranked by live player counts. If you want a crowd (and a more fun chat), the top entries are usually the most active rooms right now. Rankings can shift quickly around new events, premieres, and creator drops.","A featured showcase or a new hub update can bring in a huge crowd. If you want a chill place to explore that’s actually active, check this list and see what’s trending now. Top entries usually have the biggest crowds.",,Trending Roblox showcase & hub experiences ranked by live player count. Explore stunning builds and active hubs that players are visiting right now.,,sql,"{""mode"": ""filter"", ""metric"": ""playing"", ""genre_l1"": ""Entertainment"", ""genre_l2"": ""Showcase & Hub"", ""direction"": ""desc""}",50,True,2025-12-07 05:16:50.957+00,2025-12-06 05:34:41.109921+00,2025-12-07 05:16:50.96957+00,Top Trending Roblox Showcase & Hub Games,playing,Playing now
663e16b9-346f-40ed-8b1b-8bf0d9948f8a,top-trending-roblox-party-casual-games,Top Trending Roblox Party & Casual Games,,"Party & Casual games are perfect when you just want instant fun. They’re usually easy to learn, quick to start, and built for playing with friends (or making new ones). Most party games are designed for quick fun: simple rules, random maps, and goofy twists that keep rounds moving.

This list shows what’s trending in Party & Casual right now on Roblox, ranked by live players playing now. Full lobbies matter for party games, so starting near the top usually means faster rounds and less waiting. Since it updates automatically, the list can change quickly when a mode goes viral.","Because these games are quick and social, trends move fast when a new minigame or challenge goes viral. Check back to see which casual game is packed with players today. For the quickest rounds and fullest lobbies, start near the top—then check back when a new minigame or mode takes over.",,"Trending Roblox party & casual games ranked by live player count. Find quick games for friends, mini-rounds, and chill fun—updated live today.",,sql,"{""mode"": ""filter"", ""metric"": ""playing"", ""genre_l1"": ""Party & Casual"", ""direction"": ""desc""}",50,True,2025-12-07 05:16:49.602+00,2025-12-06 05:34:41.109921+00,2025-12-07 05:16:49.623058+00,Top Trending Roblox Party & Casual Games,playing,Playing now
68bd5115-8412-4038-acf3-c6d95bb06eb6,top-trending-roblox-physics-sim-games,Top Trending Roblox Physics Sim Games,,"Physics sims focus on how things move and collide. Expect ragdolls, realistic (or chaotic) gravity, build-and-break experiments, and satisfying stunts you can replay for fun. Physics sims are perfect for messing around—testing gadgets, launching things, and causing chaos. Active servers can be hilarious because other players turn experiments into unexpected moments.

These are the physics sim experiences trending on Roblox right now, ranked by live player counts. Live rankings help you find sims with active servers, trading, and events—stuff that makes the world feel busy.","Physics games often go viral because they’re fun to watch and even funnier with friends. If you want active servers for chaos, this live list shows what’s popular right now. If you want a sim that feels alive, start with the top picks—busy servers often mean more events, trading, and activity.",,"Trending Roblox physics sim games ranked by live player count. Enjoy ragdolls, stunts, and chaotic experiments in the most popular physics sims right now.",,sql,"{""mode"": ""filter"", ""metric"": ""playing"", ""genre_l1"": ""Simulation"", ""genre_l2"": ""Physics Sim"", ""direction"": ""desc""}",50,True,2025-12-07 05:16:43.223+00,2025-12-06 05:34:41.109921+00,2025-12-07 05:16:43.234566+00,Top Trending Roblox Physics Sim Games,playing,Playing now
7027934f-b8c4-4d90-bd85-f1cb378e5f7c,top-trending-roblox-shopping-games,Top Trending Roblox Shopping Games,,"Shopping experiences on Roblox are built around browsing, trying on, and showing off style. Some are full mall roleplays, while others are focused on finding UGC items and outfit ideas. These experiences make it easier to compare items quickly, save outfit ideas, and see what styles other players are actually wearing. They’re also handy when you want inspiration before spending Robux.

This page ranks the shopping games trending right now on Roblox, using live “playing now” data. Trending hubs can hint at what styles players are browsing right now.","Shopping trends spike around new drops and seasonal events. If you’re looking for the busiest places to browse outfits today, this list updates as the crowd moves. If you’re building a new outfit, start with the busiest hubs—they usually surface what players are buying and wearing right now.",,"Trending Roblox shopping games ranked by live player count. Discover malls, outfit hubs, and style spaces that players are visiting right now.",,sql,"{""mode"": ""filter"", ""metric"": ""playing"", ""genre_l1"": ""Shopping"", ""direction"": ""desc""}",50,True,2025-12-07 05:16:44.38+00,2025-12-06 05:34:41.109921+00,2025-12-07 05:16:44.394633+00,Top Trending Roblox Shopping Games,playing,Playing now
7493b403-a5f5-47c6-8a3d-853c7aa49b02,top-trending-roblox-pet-care-games,Top Trending Roblox Pet Care Games,,"Pet Care games are for players who love raising and looking after animals. You’ll adopt pets, feed them, keep them happy, and sometimes trade or collect rare companions. Pet care games feel best when there’s a steady loop of goals—raising stats, unlocking new pets, and decorating spaces. Busy servers also help if a game includes trading, events, or social features.

Below is a live ranking of pet care experiences trending on Roblox right now, sorted by current players. Roleplay depends on other people, so live rankings help you pick worlds that feel alive instead of empty.","Pet games get especially busy when a new pet, egg, or event launches. Check back to see which pet world is most active today and start building your collection. If a world feels empty, jump to a higher-ranked game—more players usually means better roleplay and more things happening.",,"Trending Roblox pet care games ranked by live player count. Adopt, raise, and collect pets in the most popular pet experiences on Roblox right now.",,sql,"{""mode"": ""filter"", ""metric"": ""playing"", ""genre_l1"": ""Roleplay & Avatar Sim"", ""genre_l2"": ""Pet Care"", ""direction"": ""desc""}",50,True,2025-12-07 05:16:45.543+00,2025-12-06 05:34:41.109921+00,2025-12-07 05:16:45.556979+00,Top Trending Roblox Pet Care Games,playing,Playing now
76263b49-ed2e-4531-993c-24f8ae376886,top-trending-roblox-minigame-games,Top Trending Roblox Minigame Games,,"Minigame experiences pack lots of small games into one place. You’ll bounce between quick rounds—tag, racing, dodging, trivia, and more—usually with a big server of players. Minigame hubs live or die by lobby size, because more players means more chaos and better variety. Popular hubs also tend to rotate maps and add new rounds to keep the lineup fresh.

This list shows the minigame titles trending on Roblox right now, ranked by live player counts. Minigame hubs rely on big lobbies, so live rankings are the easiest way to find quick-start rounds.","Because rounds are short, these games can surge when a new mode drops or a creator adds fresh minigames. Check back for the busiest “anything can happen” server today. For the quickest round starts, try the top hubs—then refresh later when a new minigame lineup takes over.",,"Trending Roblox minigame experiences ranked by live player count. Jump into fast, varied party rounds and see what minigame hubs are popular right now.",,sql,"{""mode"": ""filter"", ""metric"": ""playing"", ""genre_l1"": ""Party & Casual"", ""genre_l2"": ""Minigame"", ""direction"": ""desc""}",50,True,2025-12-07 05:16:48.944+00,2025-12-06 05:34:41.109921+00,2025-12-07 05:16:48.957475+00,Top Trending Roblox Minigame Games,playing,Playing now
7e05a1db-db90-43bf-b52e-b80c94f72a2c,top-trending-roblox-roleplay-avatar-sim-games,Top Trending Roblox Roleplay & Avatar Sim Games,,"Roleplay & Avatar Sim experiences are where you create a character and live a story. You might run a job, own a house, take care of pets, or just hang out while customizing your look. Roleplay can be serious or silly, but active servers are what make it feel alive. Many games add jobs, homes, pets, and cosmetics so you can shape a character and routine that fits your vibe.

This page tracks the roleplay & avatar sim games trending right now on Roblox, ranked by live player counts. Roleplay depends on other people, so live rankings help you pick worlds that feel alive instead of empty.","Roleplay games can rise fast when a new update, map, or community trend hits. Come back to see which RP world is most active today and jump into a busy server. If a world feels empty, jump to a higher-ranked game—more players usually means better roleplay and more things happening.",,"Trending Roblox roleplay & avatar sim games ranked by live player count. Find active RP worlds, life sims, and avatar games popular right now.",,sql,"{""mode"": ""filter"", ""metric"": ""playing"", ""genre_l1"": ""Roleplay & Avatar Sim"", ""direction"": ""desc""}",50,True,2025-12-07 05:16:46.682+00,2025-12-06 05:34:41.109921+00,2025-12-07 05:16:46.696186+00,Top Trending Roblox Roleplay & Avatar Sim Games,playing,Playing now
7f89f846-993a-4f7b-9f86-7839dc323af8,top-trending-roblox-tycoon-games,Top Trending Roblox Tycoon Games,,"Tycoon games are all about building something from nothing. Start small, earn money, unlock upgrades, and watch your base, business, or factory grow step by step. Tycoons work best when the build path feels satisfying—buy upgrades, watch your base grow, unlock bigger earners. Trending tycoons usually have tighter progression and more reasons to keep grinding.

These are the tycoon experiences trending on Roblox right now, ranked by live “playing now” player counts. Tycoons trend when a new theme or rebalance hits, and live rankings show what players are grinding right now.","A fresh tycoon theme or big rebalance can send a game flying up the charts. If you want a tycoon with full servers and active trading, this live list is the quickest shortcut. If you’re looking for the tycoon everyone’s grinding, start near the top—then revisit after updates to catch the next surge.",,"Trending Roblox tycoon games ranked by live player count. Build, upgrade, and grind in the most popular tycoon experiences on Roblox right now.",,sql,"{""mode"": ""filter"", ""metric"": ""playing"", ""genre_l1"": ""Simulation"", ""genre_l2"": ""Tycoon"", ""direction"": ""desc""}",50,True,2025-12-07 05:16:42.773+00,2025-12-06 05:34:41.109921+00,2025-12-07 05:16:42.785041+00,Top Trending Roblox Tycoon Games,playing,Playing now
80551bf8-92b3-454c-9738-1eacfe81a53e,top-trending-roblox-shooter-games,Top Trending Roblox Shooter Games,,"Shooter games on Roblox cover everything from casual blasters to competitive FPS-style matches. Expect loadouts, aim practice, teamwork, and fast rounds where skill matters. Some shooters are arcade-style and chaotic, while others are more tactical with slower pacing and teamwork. Either way, a healthy player base means better matchmaking, faster rounds, and less waiting.

This page ranks the shooter experiences trending right now, using live player counts pulled from Roblox. Live player counts matter a lot for shooters—more players usually means quicker matches and better matchmaking.","Shooter trends change when a new mode, weapon, or update drops. Check back to see which shooter has the most active servers right now—and jump into a match instantly. For faster matchmaking, stick to the top entries—and refresh after season updates, because shooter trends can flip quickly.",,"Trending Roblox shooter games ranked by live player count. Find popular FPS and shooting experiences with active servers, updated live from Roblox.",,sql,"{""mode"": ""filter"", ""metric"": ""playing"", ""genre_l1"": ""Shooter"", ""direction"": ""desc""}",50,True,2025-12-07 05:16:45.329+00,2025-12-06 05:34:41.109921+00,2025-12-07 05:16:45.341494+00,Top Trending Roblox Shooter Games,playing,Playing now
83ffdbac-87df-413c-a7ff-faf6b9fd5541,top-trending-roblox-survival-games,Top Trending Roblox Survival Games,,"Survival games test how long you can last. You might gather resources, craft gear, survive waves, or escape disasters while the game keeps turning up the pressure. Survival can mean escaping a threat, lasting waves, or being the last one standing. Strong lobbies keep the pressure high and the rounds moving, especially in modes that rely on groups.

Below is a live ranking of survival experiences trending on Roblox right now, sorted by current players playing now. Survival games are more intense with active rounds, and live rankings help you find them.","Survival charts move fast when a new challenge, enemy, or event hits. If you want the survival game everyone is trying today, this list updates with live Roblox data. If you want nonstop rounds, start with the top entries—then check back after events, because survival trends swing fast.",,"Trending Roblox survival games ranked by live player count. Survive disasters, enemies, and tough worlds in the most popular survival experiences right now.",,sql,"{""mode"": ""filter"", ""metric"": ""playing"", ""genre_l1"": ""Survival"", ""direction"": ""desc""}",50,True,2025-12-07 05:16:40.286+00,2025-12-06 05:34:41.109921+00,2025-12-07 05:16:40.299014+00,Top Trending Roblox Survival Games,playing,Playing now
84ee2527-4f36-4f64-8648-605f5508a8db,top-trending-roblox-action-rpg-games,Top Trending Roblox Action RPG Games,,"Action RPGs combine leveling systems with real-time combat. Expect dodges, skill trees, loot drops, boss fights, and builds that get stronger the longer you play. Action RPGs feel best when combat is snappy and the upgrade path is clear—new skills, better gear, harder enemies.

This page lists the action RPGs trending on Roblox right now, ranked by live player counts. Busy RPG servers make it easier to find parties, trades, and group content, so this live ranking is a solid shortcut. When a big patch drops, player counts (and the list) can shift overnight.","When a new weapon set or raid releases, action RPGs can shoot up the charts. Check back to see which grind-heavy RPG has the biggest crowd today. If you’re hunting for a new long-term grind, try the top few and revisit after big patches—RPG updates can pull huge crowds back in.",,"Trending Roblox action RPG games ranked by live player count. Fight bosses, earn loot, level up, and see what action RPGs are popular right now.",,sql,"{""mode"": ""filter"", ""metric"": ""playing"", ""genre_l1"": ""RPG"", ""genre_l2"": ""Action RPG"", ""direction"": ""desc""}",50,True,2025-12-07 05:16:47.379+00,2025-12-06 05:34:41.109921+00,2025-12-07 05:16:47.390878+00,Top Trending Roblox Action RPG Games,playing,Playing now
85bec48d-822e-428e-8c8f-703c7a750af4,top-trending-roblox-match-merge-games,Top Trending Roblox Match & Merge Games,,"Match & Merge games are the satisfying puzzle loop: combine items, match colors or tiles, clear boards, and unlock upgrades as you go. They’re usually chill, but still addictive. The fun in match-and-merge is planning chains so one good move sets up the next. Popular games often add goals, events, and upgrades that keep the loop from feeling repetitive.

Below is a live ranking of match & merge experiences trending on Roblox right now, based on player count. If you prefer solving with others, the top entries are usually where you’ll find teammates and active rooms.","These games trend when a new event or collection path drops. If you want a match-and-merge puzzle with active players (and fresh updates), this list is a great place to start. Top entries are best for active rooms.",,"Trending Roblox match & merge games ranked by live player count. Combine items, clear boards, and discover the most popular merge puzzles right now.",,sql,"{""mode"": ""filter"", ""metric"": ""playing"", ""genre_l1"": ""Puzzle"", ""genre_l2"": ""Match & Merge"", ""direction"": ""desc""}",50,True,2025-12-07 05:16:48.017+00,2025-12-06 05:34:41.109921+00,2025-12-07 05:16:48.031361+00,Top Trending Roblox Match & Merge Games,playing,Playing now
86dc573d-c774-4116-97e6-4a7a9e7f1d11,top-trending-roblox-story-games,Top Trending Roblox Story Games,,"Story games put you inside a Roblox adventure with a beginning, middle, and end. You’ll follow chapters, make choices, solve problems, and often play through scenes with other players. Story games vary a lot—some are short, others have long episodes and repeatable chapters.

This page shows the story experiences trending on Roblox right now, ranked by live player counts. Because it pulls live data, you can spot which adventures just got a new chapter or event and are drawing players back in. Try a few near the top if you want the most active servers for co-op and help.","A new chapter can make a story game blow up overnight. If you’re looking for the story everyone is playing today, check this list and jump in while the servers are busy. Start near the top for the busiest servers.",,Trending Roblox story games ranked by live player count. Play chapter-based adventures and see which story experiences the community is into right now.,,sql,"{""mode"": ""filter"", ""metric"": ""playing"", ""genre_l1"": ""Adventure"", ""genre_l2"": ""Story"", ""direction"": ""desc""}",50,True,2025-12-07 05:16:51.88+00,2025-12-06 05:34:41.109921+00,2025-12-07 05:16:51.901873+00,Top Trending Roblox Story Games,playing,Playing now
8b4ec467-eac1-43f0-8901-22a917a4e43c,top-trending-roblox-exploration-games,Top Trending Roblox Exploration Games,,"Exploration games are for players who love discovering new places. Roam huge maps, find secrets, unlock areas, and stumble into surprises without needing constant combat. The best exploration games give you multiple routes and little secrets that make wandering feel rewarding.

Below is a live ranking of exploration experiences trending on Roblox right now, sorted by how many people are playing. Because it pulls live data, you can spot which adventures just got a new chapter or event and are drawing players back in. Try a few near the top if you want the most active servers for co-op and help.","Exploration worlds get popular fast when a new area, event, or secret hunt drops. If you want a fresh map to wander with others, this list updates with what’s trending now. Start near the top for the busiest servers.",,"Trending Roblox exploration games ranked by live player count. Discover big worlds, secrets, and adventure maps that players are exploring right now.",,sql,"{""mode"": ""filter"", ""metric"": ""playing"", ""genre_l1"": ""Adventure"", ""genre_l2"": ""Exploration"", ""direction"": ""desc""}",50,True,2025-12-07 05:16:52.336+00,2025-12-06 05:34:41.109921+00,2025-12-07 05:16:52.348765+00,Top Trending Roblox Exploration Games,playing,Playing now
8c720d30-2ee6-4ac2-aef0-662620bd97f3,top-trending-roblox-racing-games,Top Trending Roblox Racing Games,,"Racing games are all about speed. Whether it’s cars, bikes, boats, or wild obstacle tracks, you’ll be chasing lap times, clean turns, and first place finishes. If you like competing, racing games need enough players to keep the grid full. Trending racers usually have the cleanest handling and the most active tracks right now.

This page ranks the racing experiences trending on Roblox right now, using live player counts. Racing feels better with real opponents, and live rankings help you find packed servers right now. If a new car or track drops, the list can shift quickly.","Racing trends shift when a new track, vehicle, or event drops. Check back to see which racing game has the fullest lobbies today—and start your next run. For packed grids and real opponents, start near the top—refresh after car and track updates to catch what’s newly trending.",,"Trending Roblox racing games ranked by live player count. Find fast driving and racing experiences with full lobbies, updated live from Roblox.",,sql,"{""mode"": ""filter"", ""metric"": ""playing"", ""genre_l1"": ""Sports & Racing"", ""genre_l2"": ""Racing"", ""direction"": ""desc""}",50,True,2025-12-07 05:16:41.824+00,2025-12-06 05:34:41.109921+00,2025-12-07 05:16:41.841137+00,Top Trending Roblox Racing Games,playing,Playing now
8d3f1971-a374-4128-81e0-6584431b9592,top-trending-roblox-games,Top 50 Trending Roblox Games [Live Data],,"Roblox gets new viral games almost every week. Some blow up because of TikTok edits, some because of big updates, and some simply because they’re too addictive to ignore. This list shows you the games that the most players are currently playing on Roblox right now, updated constantly using real Roblox player data. Rankings are based on live player count (highest to lowest): no votes, no opinions, just what the community is actually playing.

Whether you want a fresh grind, something fun with friends, or the game everyone’s talking about today, you’ll find it here.","Roblox trends move fast. A game that’s #1 today might drop tomorrow, and something nobody has heard of can suddenly explode overnight. We keep checking live player data and update this list automatically, so you’ll always see what’s actually trending.",,"Top trending Roblox games right now, ranked by live player count. Updated constantly using real Roblox data to help you find what everyone is playing today.",,sql,"{""limit"": 50, ""metric"": ""playing"", ""direction"": ""desc""}",50,True,2025-12-07 05:16:39.167+00,2025-11-15 09:52:44.855247+00,2025-12-07 05:16:39.182268+00,Top Trending Roblox Games,,
90cac13a-e065-4f7f-bad9-87d8acd2d0bd,top-trending-roblox-escape-room-games,Top Trending Roblox Escape Room Games,,"Escape Room games on Roblox are built around clues and teamwork. Search rooms for keys, crack codes, connect patterns, and solve puzzles to unlock the next area. If you like teamwork, escape rooms are a great co-op pick because players can split up and share clues. The most active rooms usually have smoother puzzles and faster restarts when you want another run.

This page shows the escape room experiences trending right now, ranked by live player counts from Roblox. Escape rooms are smoother with teammates, and live rankings help you find active rooms to join.","A clever new room or update can make an escape game go viral fast. If you want an escape room with active players (and fresh puzzles), this live list helps you find it. If you want teammates (or just a busy lobby), start with the top rooms—then check back when new puzzles release.",,"Trending Roblox escape room games ranked by live player count. Solve clues, crack codes, and find the most popular escape rooms—updated live.",,sql,"{""mode"": ""filter"", ""metric"": ""playing"", ""genre_l1"": ""Puzzle"", ""genre_l2"": ""Escape Room"", ""direction"": ""desc""}",50,True,2025-12-07 05:16:48.238+00,2025-12-06 05:34:41.109921+00,2025-12-07 05:16:48.250944+00,Top Trending Roblox Escape Room Games,playing,Playing now
a4c33311-aa7a-4b68-aeb7-750b7c1ae947,top-trending-roblox-open-world-action-games,Top Trending Roblox Open World Action Games,,"Open World Action games give you freedom and fights. Explore large maps, jump into missions, chase targets, and cause chaos whenever you feel like it—often with vehicles and lots of tools. Many open-world action games mix free roaming with set missions, bosses, and side activities so you can choose your pace.

This page ranks the open world action experiences trending on Roblox right now, based on live player counts. This list refreshes from Roblox’s live player counts, so it’s a quick way to see what the community is actually fighting in right now.","These games rise fast when a new area, weapon, or update drops. If you want an open-world action game with busy servers today, this live list shows what players are choosing. Try a couple of the top games to find your favorite combat style, then check back after updates to catch the next big spike.",,"Trending Roblox open world action games ranked by live player count. Explore big maps, fight enemies, and see what open-world action is popular right now.",,sql,"{""mode"": ""filter"", ""metric"": ""playing"", ""genre_l1"": ""Action"", ""genre_l2"": ""Open World Action"", ""direction"": ""desc""}",50,True,2025-12-07 05:16:52.841+00,2025-12-06 05:34:41.109921+00,2025-12-07 05:16:52.857169+00,Top Trending Roblox Open World Action Games,playing,Playing now
a7b2f1e8-a2c9-459f-9ef3-869e9ed59b98,top-trending-roblox-obby-platformer-games,Top Trending Roblox Obby & Platformer Games,,"Obby & Platformer games are Roblox’s obstacle-course playground. Jump gaps, dodge traps, climb platforms, and practice parkour until you reach the end (or fall… again). Obbies range from chill checkpoint runs to tough jumps where one mistake resets progress. Many include timers, leaderboards, and cosmetics, so there’s always a reason to retry and improve.

This page shows the obby & platformer experiences trending on Roblox right now, ranked by live player counts. Live rankings are handy when you want active runs, races, and people attempting the same sections as you.","Obbies go viral when a new tower, checkpoint run, or challenge mode drops. If you want the most active platformer today, check the list and pick a packed server. Top entries usually have the busiest runs.",,"Trending Roblox obby & platformer games ranked by live player count. Play obstacle courses, parkour, and platform challenges that are popular right now.",,sql,"{""mode"": ""filter"", ""metric"": ""playing"", ""genre_l1"": ""Obby & Platformer"", ""direction"": ""desc""}",50,True,2025-12-07 05:16:50.522+00,2025-12-06 05:34:41.109921+00,2025-12-07 05:16:50.533812+00,Top Trending Roblox Obby & Platformer Games,playing,Playing now
acd72dca-e37a-41ca-9bca-b4be8a5cec51,top-trending-roblox-1-vs-all-games,Top Trending Roblox 1 vs All Games,,"1 vs All survival games are the classic Roblox chaos setup: one powerful player against everyone else. Survivors run, hide, complete tasks, or team up while the “one” tries to stop them. These games are fun because every round feels different depending on who becomes the “one.” Active servers make role swaps and rematches faster, so the mode stays tense instead of slow.

This page ranks the 1 vs all experiences trending on Roblox right now, using live player counts. Survival games are more intense with active rounds, and live rankings help you find them.","These games spike when a new killer, map, or objective is added. Check back to see which 1vAll game is most active today and jump into a full lobby. If you want nonstop rounds, start with the top entries—then check back after events, because survival trends swing fast.",,Trending Roblox 1 vs all survival games ranked by live player count. Play asymmetrical chases and see what 1vAll experiences are popular right now.,,sql,"{""mode"": ""filter"", ""metric"": ""playing"", ""genre_l1"": ""Survival"", ""genre_l2"": ""1 vs All"", ""direction"": ""desc""}",50,True,2025-12-07 05:16:40.01+00,2025-12-06 05:34:41.109921+00,2025-12-07 05:16:40.035555+00,Top Trending Roblox 1 vs All Games,playing,Playing now
b272b84d-cb66-4ebb-8add-135c5dfc5e89,top-trending-roblox-music-rhythm-games,Top Trending Roblox Music & Rhythm Games,,"Music & Rhythm games are all about timing. Hit notes on the beat, follow patterns, keep combos alive, and challenge friends with songs that get faster and harder. Some rhythm games are casual, others are super strict, so the “best” pick depends on how hard you want it. If you like improving over time, these games reward practice in a very clear way.

This page shows the music & rhythm experiences trending on Roblox right now, ranked by live player counts. This list refreshes from Roblox’s live player counts, so it’s a quick way to see what the community is actually fighting in right now.","Rhythm games can surge when new tracks or events drop. If you want the busiest rhythm lobby today, check this list—it's powered by real-time player activity. Try a couple of the top games to find your favorite combat style, then check back after updates to catch the next big spike.",,"Trending Roblox music & rhythm games ranked by live player count. Play beat-based challenges, keep your combo, and see what rhythm games are hot right now.",,sql,"{""mode"": ""filter"", ""metric"": ""playing"", ""genre_l1"": ""Action"", ""genre_l2"": ""Music & Rhythm"", ""direction"": ""desc""}",50,True,2025-12-07 05:16:53.059+00,2025-12-06 05:34:41.109921+00,2025-12-07 05:16:53.071024+00,Top Trending Roblox Music & Rhythm Games,playing,Playing now
b5f21bef-aeab-48fb-bfcc-a4ddf1ebd3ac,top-trending-roblox-deathmatch-shooter-games,Top Trending Roblox Deathmatch Shooter Games,,"Deathmatch shooters are pure PvP action: spawn in, grab your loadout, and rack up eliminations in fast rounds. Think team fights, free-for-all matches, and constant respawns. For deathmatch, map flow and weapon balance matter a lot. The most played games usually have the fastest match starts and enough players to keep fights constant.

Below is a live ranking of deathmatch shooters trending on Roblox right now, sorted by current players. Deathmatch is best when the lobby is always full, and live rankings help you avoid empty servers.","Deathmatch games get popular when the gunplay feels good and queues are instant. Use this list to find the shooters with the most active lobbies right now. Pick from the top if you want instant fights, and refresh later—new maps and weapon updates can change what’s popular quickly.",,Trending Roblox deathmatch shooter games ranked by live player count. Jump into fast PvP matches and find the most active deathmatch lobbies right now.,,sql,"{""mode"": ""filter"", ""metric"": ""playing"", ""genre_l1"": ""Shooter"", ""genre_l2"": ""Deathmatch Shooter"", ""direction"": ""desc""}",50,True,2025-12-07 05:16:44.859+00,2025-12-06 05:34:41.109921+00,2025-12-07 05:16:44.872195+00,Top Trending Roblox Deathmatch Shooter Games,playing,Playing now
b9ee5bee-1f14-4484-ae6f-b37f3f4fd4cf,top-trending-roblox-life-games,Top Trending Roblox Life Games,,"Life roleplay games are “live your day” Roblox. Own a house, get a job, drive around town, meet friends, and build a routine—whether you play seriously or just for laughs. Life RP is all about people: active cities, busy jobs, and lots of player-made moments. Choosing a popular server makes it easier to find roleplay partners, events, and places that feel alive.

This page ranks the life experiences trending on Roblox right now, based on live player counts. Live rankings are especially useful for life RP because crowded servers make the world feel real.","Life RP worlds trend when new locations, vehicles, or roleplay features release. If you want a busy city with lots of players to interact with, check this live list today. If you want a server that feels alive, start with the top entries—then refresh after new jobs, homes, or vehicles drop.",,"Trending Roblox life roleplay games ranked by live player count. Explore busy cities, houses, and jobs in the most popular life sims right now.",,sql,"{""mode"": ""filter"", ""metric"": ""playing"", ""genre_l1"": ""Roleplay & Avatar Sim"", ""genre_l2"": ""Life"", ""direction"": ""desc""}",50,True,2025-12-07 05:16:46.008+00,2025-12-06 05:34:41.109921+00,2025-12-07 05:16:46.022655+00,Top Trending Roblox Life Games,playing,Playing now
baf3ca52-4ceb-4c07-ba8e-4ad054b44fcb,top-trending-roblox-coloring-drawing-games,Top Trending Roblox Coloring & Drawing Games,,"Coloring & Drawing games are the creative, relaxing side of Roblox. Sketch, color, and share art with friends—sometimes in quick challenges, sometimes just to chill and create. Look for games with good tools and easy sharing, because that’s what makes creative play fun. Active servers can be inspiring too—seeing other drawings often gives you ideas to try.

Here’s a live look at the coloring & drawing experiences trending right now on Roblox, ranked by players playing now. Full lobbies matter for party games, so starting near the top usually means faster rounds and less waiting.","Creative games trend when a new toolset, theme, or community challenge appears. If you want an art space that’s active today, this leaderboard updates with live player activity. For the quickest rounds and fullest lobbies, start near the top—then check back when a new minigame or mode takes over.",,"Trending Roblox coloring & drawing games ranked by live player count. Create art, color designs, and find active drawing games popular right now.",,sql,"{""mode"": ""filter"", ""metric"": ""playing"", ""genre_l1"": ""Party & Casual"", ""genre_l2"": ""Coloring & Drawing"", ""direction"": ""desc""}",50,True,2025-12-07 05:16:49.159+00,2025-12-06 05:34:41.109921+00,2025-12-07 05:16:49.175429+00,Top Trending Roblox Coloring & Drawing Games,playing,Playing now
bead269d-069a-4af5-8e90-52b5b40bce20,top-trending-roblox-sports-racing-games,Top Trending Roblox Sports & Racing Games,,"Sports & Racing games on Roblox are built for competition—scoring goals, hitting perfect passes, chasing lap times, and climbing leaderboards with friends. Some games lean arcade and fast, others try to copy real mechanics more closely. Full teams and packed races are what make these modes shine, so active servers matter a lot here.

This page tracks the sports & racing experiences trending right now, ranked by live players playing now on Roblox. Sports and racing need opponents, so live rankings help you find matches that start quickly.","Popularity can shift fast when a new season or event drops. Check back to see which sports match or racing lobby is busiest today, then jump in while servers are full. For the most consistent matches and races, start near the top—then revisit after mode updates to catch what’s newly popular.",,"Trending Roblox sports & racing games ranked by live player count. Find popular sports matches and racing lobbies, updated live from Roblox.",,sql,"{""mode"": ""filter"", ""metric"": ""playing"", ""genre_l1"": ""Sports & Racing"", ""direction"": ""desc""}",50,True,2025-12-07 05:16:42.058+00,2025-12-06 05:34:41.109921+00,2025-12-07 05:16:42.069956+00,Top Trending Roblox Sports & Racing Games,playing,Playing now
c45c44ef-fc75-4006-86e7-24bca419a4dd,top-trending-roblox-pve-shooter-games,Top Trending Roblox PvE Shooter Games,,"PvE shooters are about fighting the game, not other players. Team up to clear missions, survive waves, beat bosses, and upgrade weapons as enemies get tougher. PvE shooters are great if you want action without sweaty PvP. The busiest games usually have more players queuing missions, which makes it easier to find a squad.

This page ranks the PvE shooter experiences trending on Roblox right now, using live player counts. If you want teammates for missions and waves, start with the most played picks—busy games usually have more squads forming.","Co-op shooters trend when new missions, maps, or drops arrive. If you want a PvE shooter with active squads and full servers, check what’s popular here today. For co-op squads, start near the top—busy games usually make it easiest to find teammates when you queue missions.",,"Trending Roblox PvE shooter games ranked by live player count. Team up for co-op missions, waves, and boss fights in popular PvE shooters right now.",,sql,"{""mode"": ""filter"", ""metric"": ""playing"", ""genre_l1"": ""Shooter"", ""genre_l2"": ""PvE Shooter"", ""direction"": ""desc""}",50,True,2025-12-07 05:16:44.604+00,2025-12-06 05:34:41.109921+00,2025-12-07 05:16:44.620414+00,Top Trending Roblox PvE Shooter Games,playing,Playing now
c865e8d6-7eff-4bf5-b40e-dde0233825a1,top-trending-roblox-rpg-games,Top Trending Roblox RPG Games,,"RPGs on Roblox are all about progression. Level up, unlock skills, collect gear, and follow quests that make your character stronger over time. Expect quests, loot, upgrades, and builds—plus longer progression that keeps you coming back. Active servers also help with co-op content, trading, and finding groups when a game gets challenging.

This page shows the RPG experiences trending right now on Roblox, ranked by live player counts. Busy RPG servers make it easier to find parties, trades, and group content, so this live ranking is a solid shortcut.","RPG trends shift with new updates, endgame content, and fresh metas. If you want an RPG with lots of active players (and plenty to do), check this live list often. If you’re hunting for a new long-term grind, try the top few and revisit after big patches—RPG updates can pull huge crowds back in.",,"Trending Roblox RPG games ranked by live player count. Level up, quest, and grind in the most popular role-playing games on Roblox right now.",,sql,"{""mode"": ""filter"", ""metric"": ""playing"", ""genre_l1"": ""RPG"", ""direction"": ""desc""}",50,True,2025-12-07 05:16:47.604+00,2025-12-06 05:34:41.109921+00,2025-12-07 05:16:47.616764+00,Top Trending Roblox RPG Games,playing,Playing now
c945c379-82a1-486a-ba93-68741e45a476,top-trending-roblox-tower-defense-games,Top Trending Roblox Tower Defense Games,,"Tower Defense games are strategy with a clear goal: stop the waves. Place units, upgrade your setup, plan your economy, and work with friends to hold the line. Tower defense is all about testing builds: which towers, which upgrades, and when to spend. Popular games usually have active metas, guides, and players to team up with for harder waves.

Below is a live ranking of tower defense experiences trending on Roblox right now, based on player count. Tower defense metas move fast, so live rankings are useful when you want co-op runs and the most active player base.","A new unit, map, or meta can move tower defense charts quickly. If you want the TD game with the most active squads today, this list updates as player counts change. If you want active co-op runs, start with the top games and refresh after unit updates—one patch can change the whole meta.",,"Trending Roblox tower defense games ranked by live player count. Place units, stop waves, and see which TD games are popular right now on Roblox.",,sql,"{""mode"": ""filter"", ""metric"": ""playing"", ""genre_l1"": ""Strategy"", ""genre_l2"": ""Tower Defense"", ""direction"": ""desc""}",50,True,2025-12-07 05:16:40.557+00,2025-12-06 05:34:41.109921+00,2025-12-07 05:16:40.568816+00,Top Trending Roblox Tower Defense Games,playing,Playing now
cb407362-b48f-44ac-808a-e768f159f67e,top-trending-roblox-education-games,Top Trending Roblox Education Games,,"Education experiences on Roblox are made to teach while you play. They can cover anything from coding basics to math, typing, geography, and interactive lessons. Some focus on one skill you can practice in minutes, while others are bigger interactive worlds you can explore like a museum.

This page shows the education games trending right now on Roblox, ranked by live players playing now. Live data is useful here too—popular learning games often have more content, more activity, and more people around to guide newer players. If you’re trying a topic for the first time, start near the top.","Learning games often trend when teachers, creators, or communities share a great new experience. If you want an educational game that’s active today, this list updates with live Roblox data. Top picks usually have the most activity.",,Trending Roblox education games ranked by live player count. Learn through play with the most popular educational experiences on Roblox right now.,,sql,"{""mode"": ""filter"", ""metric"": ""playing"", ""genre_l1"": ""Education"", ""direction"": ""desc""}",50,True,2025-12-07 05:16:51.624+00,2025-12-06 05:34:41.109921+00,2025-12-07 05:16:51.638455+00,Top Trending Roblox Education Games,playing,Playing now
ce2fd5a7-06e2-4338-ada0-569c8a15afcf,top-trending-roblox-classic-obby-games,Top Trending Roblox Classic Obby Games,,"Classic obbies are the checkpoint-style obstacle courses Roblox is famous for. Jump from stage to stage, hit checkpoints, and try not to fall as the obstacles get trickier. If you’re new to obbies, classic ones are a great starting point because the rules are simple and the progress is clear.

This page ranks the classic obby experiences trending on Roblox right now, based on live player counts. Live rankings are handy when you want active runs, races, and people attempting the same sections as you. Popular obbies also get frequent tweaks and new stages, so the list can reshuffle often.",Classic obbies stay popular because they’re simple to start and hard to master. Check back to see which obby is packed today—perfect for quick runs or long grinding sessions. Top entries usually have the busiest runs.,,Trending Roblox classic obby games ranked by live player count. Play checkpoint obstacle courses and see which classic obbies are popular right now.,,sql,"{""mode"": ""filter"", ""metric"": ""playing"", ""genre_l1"": ""Obby & Platformer"", ""genre_l2"": ""Classic Obby"", ""direction"": ""desc""}",50,True,2025-12-07 05:16:50.287+00,2025-12-06 05:34:41.109921+00,2025-12-07 05:16:50.306234+00,Top Trending Roblox Classic Obby Games,playing,Playing now
d0c8ab7c-f354-4d7d-b192-176d9d5dfae8,top-trending-roblox-sports-games,Top Trending Roblox Sports Games,,"Sports games bring real-world competition into Roblox. Play matches, practice skills, and team up for wins—whether it’s soccer, basketball, football, or something with a Roblox twist. Sports games feel better with full teams and steady matchmaking. The most played games usually have more consistent matches and more players who know the rules.

This page shows the sports experiences trending on Roblox right now, ranked by live player counts. Full teams make sports games work, so live rankings help you find matches that start fast. When new modes and updates drop, the order can change quickly.","Sports games heat up when new modes, seasons, or ranked ladders arrive. Check back to see which sport is getting the biggest crowd today and jump into an active match. If you want full teams and quicker match starts, pick from the top—refresh after mode updates to see what players switched to.",,Trending Roblox sports games ranked by live player count. Play competitive matches and see which sports experiences are most popular on Roblox right now.,,sql,"{""mode"": ""filter"", ""metric"": ""playing"", ""genre_l1"": ""Sports & Racing"", ""genre_l2"": ""Sports"", ""direction"": ""desc""}",50,True,2025-12-07 05:16:41.596+00,2025-12-06 05:34:41.109921+00,2025-12-07 05:16:41.607828+00,Top Trending Roblox Sports Games,playing,Playing now
d2ba6862-eb9c-4866-b25e-964a5e00ce7f,top-trending-roblox-idle-games,Top Trending Roblox Idle Games,,"Idle games are perfect for laid-back progress. Earn while you play (and sometimes while you’re AFK), upgrade your setup, and watch your income or power climb over time. Idle sims are best when the upgrade path is clear and the rewards keep coming. If you like checking in, collecting, and optimizing, this sub‑genre scratches that itch.

Below is a live ranking of idle experiences trending on Roblox right now, sorted by current players. Live rankings help you find sims with active servers, trading, and events—stuff that makes the world feel busy.","Idle games trend when a new upgrade path or event makes the grind feel extra satisfying. If you want an idle game with active servers and fresh updates, check back often. If you want a sim that feels alive, start with the top picks—busy servers often mean more events, trading, and activity.",,"Trending Roblox idle games ranked by live player count. Relax, upgrade, and grow your progress in the most popular idle experiences on Roblox right now.",,sql,"{""mode"": ""filter"", ""metric"": ""playing"", ""genre_l1"": ""Simulation"", ""genre_l2"": ""Idle"", ""direction"": ""desc""}",50,True,2025-12-07 05:16:43.678+00,2025-12-06 05:34:41.109921+00,2025-12-07 05:16:43.688647+00,Top Trending Roblox Idle Games,playing,Playing now
e452a9bf-9807-4724-b850-9e3766abf562,top-trending-roblox-music-audio-games,Top Trending Roblox Music & Audio Games,,"Music & Audio experiences are built around sound. Join virtual concerts, listen to tracks with friends, hang in DJ-style rooms, or explore worlds where music is the main feature. You’ll find everything from chill listening rooms to full-on concert events with stages and crowds. If you want that “live” feeling, the most active servers usually have the best atmosphere.

This page ranks the music & audio experiences trending on Roblox right now, based on live player counts. If you want a crowd (and a more fun chat), the top entries are usually the most active rooms right now.","These spaces can spike fast when a song, artist event, or community hangout goes viral. Check back to see which music room is busiest today and join the vibe. If you’re looking for the best atmosphere, the top entries usually have the biggest crowds—refresh when new events and premieres drop.",,Trending Roblox music & audio experiences ranked by live player count. Discover concerts and listening hubs that players are enjoying right now on Roblox.,,sql,"{""mode"": ""filter"", ""metric"": ""playing"", ""genre_l1"": ""Entertainment"", ""genre_l2"": ""Music & Audio"", ""direction"": ""desc""}",50,True,2025-12-07 05:16:51.184+00,2025-12-06 05:34:41.109921+00,2025-12-07 05:16:51.196958+00,Top Trending Roblox Music & Audio Games,playing,Playing now
e59c6c8d-9d24-4ef3-9c67-1c13e234264f,top-trending-roblox-vehicle-sim-games,Top Trending Roblox Vehicle Sim Games,,"Vehicle sims are for players who love cars, planes, boats, and anything that moves. Drive, drift, fly, upgrade rides, and explore maps built for cruising and stunts. Vehicle sims are more fun when servers are busy—car meets, races, stunts, and people cruising around. The top games also tend to have more vehicle variety and more map activity.

This page shows the vehicle sim experiences trending on Roblox right now, ranked by live player counts. Live rankings help you find busy cruising servers, meets, and races. If a vehicle or map update drops, the top spots can change quickly.","Vehicle games trend when new vehicles, maps, or handling updates drop. If you want a vehicle sim with active servers today, this live list shows what players are driving right now. For active meets, races, and cruising servers, start near the top—then check back after vehicle and map updates.",,"Trending Roblox vehicle sim games ranked by live player count. Drive, fly, and upgrade vehicles in the most popular vehicle simulator experiences right now.",,sql,"{""mode"": ""filter"", ""metric"": ""playing"", ""genre_l1"": ""Simulation"", ""genre_l2"": ""Vehicle Sim"", ""direction"": ""desc""}",50,True,2025-12-07 05:16:42.527+00,2025-12-06 05:34:41.109921+00,2025-12-07 05:16:42.539018+00,Top Trending Roblox Vehicle Sim Games,playing,Playing now
ea1539dc-ee57-4587-a913-8e6bf5a11b10,top-trending-roblox-quiz-games,Top Trending Roblox Quiz Games,,"Quiz games turn Roblox into a trivia night. Answer questions, race the timer, and compete with friends (or strangers) to see who really knows the most. Quiz games are more fun when lots of people are answering at once, so active lobbies are key. If you’re playing with friends, the top quiz games usually start rounds faster and stay busy longer.

Below is a live ranking of quiz experiences trending on Roblox right now, based on current players. Quiz games are more fun with a crowd, and live rankings help you find those busy lobbies.","Quiz games get busy when new question packs and themed events launch. Check back when you want an active trivia room with lots of players answering right now. For the loudest lobbies and quickest rounds, pick from the top—refresh when new quiz themes pop off.",,Trending Roblox quiz games ranked by live player count. Join trivia rounds and see which quiz experiences are most popular on Roblox right now.,,sql,"{""mode"": ""filter"", ""metric"": ""playing"", ""genre_l1"": ""Party & Casual"", ""genre_l2"": ""Quiz"", ""direction"": ""desc""}",50,True,2025-12-07 05:16:48.711+00,2025-12-06 05:34:41.109921+00,2025-12-07 05:16:48.724488+00,Top Trending Roblox Quiz Games,playing,Playing now
f2d371b7-e81d-4ed9-8fbb-888d4d00bc58,top-trending-roblox-adventure-games,Top Trending Roblox Adventure Games,,"Adventure games are where Roblox stories and exploration come together. Expect quests, new worlds, puzzles, secrets, and moments that feel like you’re inside an interactive movie. A lot of adventures hide rewards off the main path—secret rooms, collectibles, and optional quests that reward exploring.

This page tracks the adventure experiences trending on Roblox right now, ranked by live player counts. Because it pulls live data, you can spot which adventures just got a new chapter or event and are drawing players back in.","Adventure hits can appear fast when a new update or storyline drops. If you want something fresh to explore today, check the leaderboard and pick the adventure with the biggest crowd. Start near the top for the busiest servers.",,"Trending Roblox adventure games ranked by live player count. Explore worlds, quests, and stories in the most popular adventure experiences on Roblox right now.",,sql,"{""mode"": ""filter"", ""metric"": ""playing"", ""genre_l1"": ""Adventure"", ""direction"": ""desc""}",50,True,2025-12-07 05:16:52.562+00,2025-12-06 05:34:41.109921+00,2025-12-07 05:16:52.574809+00,Top Trending Roblox Adventure Games,playing,Playing now
f6aa3b52-425e-423a-8f2d-376d5d64f3f1,top-trending-roblox-utility-other-games,Top Trending Roblox Utility & Other Games,,"Utility & Other is Roblox’s catch‑all genre for unique experiences that don’t fit neatly anywhere else. You’ll find helpful tools, weird experiments, and one-of-a-kind games with their own rules. This is the grab-bag corner of Roblox: tools, showcases, discovery hubs, and experimental projects.

This page shows the Utility & Other experiences trending right now, ranked by live player counts from Roblox. Because this category is so varied, live rankings are the best way to see what people are actually using today. If something odd suddenly goes viral, it can show up here fast.","Because this genre is so varied, the list changes a lot—sometimes a tool goes viral, sometimes a totally odd game takes over. Check back to see what the community is using and playing today. Refresh often—this list changes fast.",,Trending Roblox Utility & Other games ranked by live player count. Discover unique tools and oddball experiences that are popular right now on Roblox.,,sql,"{""mode"": ""filter"", ""metric"": ""playing"", ""genre_l1"": ""Utility & Other"", ""direction"": ""desc""}",50,True,2025-12-07 05:16:39.476+00,2025-12-06 05:34:41.109921+00,2025-12-07 05:16:39.489694+00,Top Trending Roblox Utility & Other Games,playing,Playing now
f7a525e8-7267-4711-9af7-91032ce68e70,top-trending-roblox-battlegrounds-fighting-games,Top Trending Roblox Battlegrounds & Fighting Games,,"Battlegrounds & Fighting games are built around direct combat. Expect arena brawls, 1v1 duels, team fights, and skill-based combos where practice actually pays off. Look for games with clear hit feedback, responsive movement, and a style you enjoy—some are combo-heavy, others are more about spacing and blocks.

This page ranks the battlegrounds & fighting experiences trending on Roblox right now, using live player counts. This list refreshes from Roblox’s live player counts, so it’s a quick way to see what the community is actually fighting in right now.","Fighting games trend fast when a new character, move set, or balance update drops. If you want the most active arena today, this list updates as player numbers change. Try a couple of the top games to find your favorite combat style, then check back after updates to catch the next big spike.",,Trending Roblox battlegrounds & fighting games ranked by live player count. Find popular fighting arenas and brawlers with active servers right now.,,sql,"{""mode"": ""filter"", ""metric"": ""playing"", ""genre_l1"": ""Action"", ""genre_l2"": ""Battlegrounds & Fighting"", ""direction"": ""desc""}",50,True,2025-12-07 05:16:53.281+00,2025-12-06 05:34:41.109921+00,2025-12-07 05:16:53.295402+00,Top Trending Roblox Battlegrounds & Fighting Games,playing,Playing now
fa4d7fdd-a2cd-4134-9e83-33d4822916f1,top-trending-roblox-tower-obby-games,Top Trending Roblox Tower Obby Games,,"Tower obbies are vertical obstacle challenges where the goal is simple: climb to the top. Expect tight jumps, tricky sections, and lots of retries as you work your way up stage by stage. Tower obbies are where difficulty ramps up—tight jumps, long climbs, and very little room for mistakes. If you enjoy learning patterns and celebrating small wins, these are the most satisfying to clear.

This page shows the tower obby experiences trending on Roblox right now, ranked by live player counts. Live rankings are handy when you want active runs, races, and people attempting the same sections as you.","Tower obbies get popular when a new tower, difficulty set, or race mode drops. If you want a tower with plenty of people climbing right now, this leaderboard stays updated live. Top entries usually have the busiest runs.",,Trending Roblox tower obby games ranked by live player count. Climb vertical obstacle towers and see which tower obbies are popular right now on Roblox.,,sql,"{""mode"": ""filter"", ""metric"": ""playing"", ""genre_l1"": ""Obby & Platformer"", ""genre_l2"": ""Tower Obby"", ""direction"": ""desc""}",50,True,2025-12-07 05:16:49.841+00,2025-12-06 05:34:41.109921+00,2025-12-07 05:16:49.856538+00,Top Trending Roblox Tower Obby Games,playing,Playing now
