id,name,creator,sales,price,created,error
2483186,"Invisible Kitty","bobthingy",0,0,2008-06-19T16:48:18Z,""
6403436082,"Help me rickroll all of Roblox","Not12charactersLong",0,0,2021-02-16T16:52:29.84Z,""
5252447904,"Anime Aesthetic","B_0xx",0,0,2020-06-29T04:59:21.46Z,""
7129155278,"Beluga","xiannathanie",0,0,2021-07-21T04:51:20.037Z,""
5191098772,"aesthetic anime","Angelica’s Apparel",0,0,2020-06-16T17:56:19.633Z,""
7205866972,"funny cat moment","LordSith334",0,0,2021-08-05T07:42:19.053Z,""
631727250,"Doge Doge","WhosOzzy_IOtherOzzy",0,0,2017-01-29T01:35:18.933Z,""
1847902752,"cursed image","L_luma",0,0,2018-05-27T22:51:53.683Z,""
5180300644,"soft aesthetic","Gvyoo",0,0,2020-06-14T12:09:46.067Z,""
6675147490,"Anime Aesthetic","B_0xx",0,0,2021-04-13T05:39:15.743Z,""
11818627075,"Shocked Guy meme","A3DVive",0,0,2022-12-14T10:19:27.283Z,""
3290453459,"[SUMMER] chill out","Ayzria",0,0,2019-06-11T02:57:34.593Z,""
1049060234,"Aesthetic","mojumor",0,0,2017-09-16T10:58:47.337Z,""
8425069728,"The Rock","ELrente_45",0,0,2022-01-01T18:22:05.79Z,""
8652665149,"Aesthetic girl | Sad | Hardcore | Purple | Pink","Cutecupshakes",0,0,2022-01-27T07:50:38.463Z,""
5206932266,"Kawaii","Bunn771",0,0,2020-06-20T02:33:58.673Z,""
11176073582,"silly cat","fogcascade",0,0,2022-10-05T09:31:02.27Z,""
9676276958,"Images/Cheems dog minecraft edition","123woohooboyz2",0,0,2022-05-20T13:24:43.94Z,""
9835676498,"the meme dog","TOLOLOLO108",0,0,2022-06-06T11:57:34.647Z,""
7279137105,"roblox meme 1","bigmeanzach",0,0,2021-08-18T22:13:48.36Z,""
935443517,"Meme","CocoaSpike",0,0,2017-07-24T04:13:32.563Z,""
8964489645," one piece all x luffy","Abyssaldevilz",0,0,2022-02-28T00:40:27.84Z,""
6576347905,"hair","jnghxd_7493",0,0,2021-03-27T17:10:12.44Z,""
4637746375,"hair","OreoAngel911",0,0,2020-01-28T01:23:20.93Z,""
112902315,"cat ears","SylieBae",0,0,2013-04-14T20:46:33.677Z,""
73737627,"Outrageous Sword Pack ","InfamousVyriss",0,0,2012-03-02T01:29:01.7Z,""
24774766,"Spread The Lulz!","SecurityPentesta",0,0,2010-03-31T20:55:28.76Z,""
275625339,"galaxy hair roblox","SwordSnatch",0,0,2015-07-26T23:46:02.243Z,""
2782324454,"Shiny Cutie","EvilArtist",0,0,2019-01-25T07:46:44.437Z,""
710679541,"grey wistful wink","i_rabaj",0,0,2017-03-25T18:19:35.84Z,""
469008772,"Rainbow Cat Tail","zoeeeeeeeeeeeeee00",0,0,2016-07-31T07:02:30.163Z,""
53890741,"Sapphire Encrusted Headphones","greydecades",0,0,2011-06-14T15:35:35.017Z,""
1803741,"Spider-tux","robosapien626",0,0,2008-04-24T12:32:49.417Z,""
91049678,"Radioactive Stripe","Exlogical",0,0,2012-08-25T15:38:59.26Z,""
227600968,"Laughing Fun","BR5ZU",0,0,2015-03-17T19:23:06.003Z,""
229313524,"Brilliant Bombtastic! *100K TAKES!*","kaeIaa",0,0,2015-03-22T16:22:30.413Z,""
23534055,"Gravity Coil","cool6701",0,0,2010-03-08T20:19:44.1Z,""
26578092,"This, my friends...","robloxshadow1223",0,0,2010-05-03T01:25:34.153Z,""
76819021,"Wings","crazy11745",0,0,2012-04-07T02:20:57.467Z,""
422266604,"Nerd Glasses","David_TennantTheDoc",0,0,2016-05-29T08:25:13.057Z,""
93390411,"TX-08 Galatron Gunner","XiaHanJing",0,0,2012-09-23T03:09:04.583Z,""
56936323,"FACE","guruausin",0,0,2011-07-19T21:17:35.54Z,""
112492515,"Free Robloxian Outfit with Robloxian","LexiHasABigFamily",0,0,2013-04-11T16:19:19.657Z,""
6979666270,"Face","Aboodi484",0,0,2021-06-20T13:25:17.85Z,""
139437522,"Aureus Knight","Moxeh",0,0,2013-12-22T22:47:12.977Z,""
3131549391,"Galaxy","k0maki",0,0,2019-04-30T23:49:30.917Z,""
109251560,"Epic Face","TheAssassin5885",0,0,2013-03-11T20:05:20.407Z,""
1117897387,"Adidas","killyaboy99",0,0,2017-10-20T01:27:44.493Z,""
473759087,"Silver Wings","akjb95",0,0,2016-08-06T13:57:41.387Z,""
83250046,"sword pack","wazupdude44",0,0,2012-06-11T03:00:01.253Z,""
4949506455,"Stitch face","Givemetopbae",0,0,2020-04-26T22:50:34.827Z,""
108289954,"Roblox sword","mewtwo1536",0,0,2013-03-02T13:59:31.753Z,""
722564687,"Smiling Girl","ddepys",0,0,2017-04-03T13:34:24.44Z,""
75076726,"halo helmet 1","Austin1is1111",0,0,2012-03-17T20:42:29.073Z,""
90567189,"Pink Party Dress with Diamond Belt","Mannyi",0,0,2012-08-20T01:41:35.767Z,""
1177150748,"nubs","Vulxnyrie",0,0,2017-11-15T01:40:40.49Z,""
16735534,"Red Fang","mad2740",0,0,2009-10-10T02:39:34.317Z,""
3241672660,"anime face","Izzy2440",0,0,2019-05-31T23:35:47.38Z,""
2058984,"link cat","LittleNazrin",0,0,2008-05-18T00:40:31.36Z,""
121437562,"Bandana","ACTLLYFIN1234567",0,0,2013-07-04T15:37:34.803Z,""
2011952,"caution this is sparta","stickkillers",0,0,2008-05-14T17:59:37.747Z,""
124640306,"Rainbow Braces (Face)","pobammer",0,0,2013-07-30T23:15:47.883Z,""
4442686497,"panda","gagggggq",0,0,2019-11-22T02:22:29.343Z,""
398650681,"Eerie Makeup™ || EDAs 01","GrottyPuff",0,0,2016-04-14T23:44:47.403Z,""
10674131444,"shorts preppy cute","xXXkittymarryxXX",0,0,2022-08-21T20:09:56.4Z,""
2409898220,"Playful Vampire","ImWhatTheKidsCallLit",0,0,2018-09-27T21:04:01.09Z,""
111235934,"Free Indian Hair","IIXLoliPopXII",0,0,2013-03-30T19:31:41.99Z,""
10511856020,"luffy","kim_jisoo831",0,0,2022-08-07T15:50:31.853Z,""
1163229330,"Angel Wings","SCARECROW_SCS",0,0,2017-11-08T22:45:58.983Z,""
398650619,"Eerie Makeup™ || EDAs 02","GrottyPuff",0,0,2016-04-14T23:44:42.293Z,""
398645200,"Eerie Makeup™ || EDAs 03","GrottyPuff",0,0,2016-04-14T23:34:45.987Z,""
394647608,"The Bird Says ____.  (DECAL)","lmlmlmlmizzy",0,0,2016-04-06T20:19:09.01Z,""
160117256,"Fluttershy","Autophile",0,0,2014-06-06T01:12:55.663Z,""
128614017,":P","vKaitlyn",0,0,2013-09-02T21:21:59.803Z,""
147322185,"Shocked Face","Reggus",0,0,2014-02-22T20:58:30.483Z,""
3169272356,"♂ joyful","ordona",0,0,2019-05-11T22:46:58.737Z,""
398510069,"Eerie Makeup™ || EDAs 09","GrottyPuff",0,0,2016-04-14T18:27:02.417Z,""
2398054,"Internet Fail Cat. (Original)","rampagekiller3",0,0,2008-06-13T20:25:28.177Z,""
7711763290,"cat cat","Lazumyyy",0,0,2021-10-11T16:44:09.787Z,""
6675554353,"Genshin Impact Childe staring meme","OurLoveIsChaos",0,0,2021-04-13T09:14:31.11Z,""
5164285951,"soft","Ayzria",0,0,2020-06-11T02:09:47.617Z,""
732601106,"Pikachu Rockstar","ArielPaolo2017",0,0,2017-04-10T12:09:23.053Z,""
1972219027,"Scary face","gamemaster60788",0,0,2018-06-21T10:59:36Z,""
7111868109,"silly cat","retaliatorXS",0,0,2021-07-17T21:06:46.467Z,""
3229056811,"♂ nervous laughter","ordona",0,0,2019-05-28T17:22:13.223Z,""
6050149849,"Cute Cat Cat Cat!","k1tsunewaa",0,0,2020-12-06T10:05:54.62Z,""
5205790826,"cat_gun","thedubwubviking",0,0,2020-06-19T21:04:27.527Z,""
6547771002,"Friday Night ###### Sarvente's Mod Zavodila Full","TheMicrowaveableByte",0,0,2021-03-21T05:40:48.163Z,""
579271238,"Anime boy","nekoluver",0,0,2016-12-19T01:54:54.51Z,""
26851366,"SCARY MASK!!!","michaelmyers466",0,0,2010-05-09T01:19:01.79Z,""
6942501530,"Hutao - Genshin impact icon","Cam1elle",0,0,2021-06-12T02:22:51.89Z,""
410158834,"The Better Miss Scarlet","eloppl",0,0,2016-05-06T23:07:15.773Z,""
6550555045,"Friday Night ###### Sarvente's Mod Worship Full","TheMicrowaveableByte",0,0,2021-03-21T18:56:23.207Z,""
587099934,"Meme","San_ity",0,0,2016-12-26T02:07:43.337Z,""
3321127511,"[MINIMALIST] wonderful world","Ayzria",0,0,2019-06-17T04:27:27.49Z,""
9933991033,"Logo One piece","Diego_Go0x",0,0,2022-06-17T02:45:06.107Z,""
2822977994,"cursed","dogboydays",0,0,2019-02-05T19:41:50.613Z,""
80373024,"RobloxGriffiti2","Stickmasterluke",0,0,2012-05-10T18:36:48.563Z,""
2655135443,"Playful Vampire","kAKA_200000",0,0,2018-12-16T19:15:04.65Z,""
3674739835,"aesthetic anime girl-soft child","oceanicsx0",0,0,2019-08-17T13:28:47.26Z,""
9913176040,"Floppa Cat","SuperKediYTB",0,0,2022-06-14T22:25:06.823Z,""
3673523334,"","",0,0,,"Fetch Error"
9605261863,"man shocked at sight of banana","KRoolFool",0,0,2022-05-11T23:06:51.013Z,""
316605349,"","",0,0,,"Fetch Error"
3343076822,"[WALLPAPER] soft feelings","Ayzria",0,0,2019-06-21T16:07:44.1Z,""
9180622670,"","",0,0,,"Fetch Error"
5181568648,"aesthetic anime girl 5","anqelic_pee",0,0,2020-06-14T17:52:18.323Z,""
5009915812,"","",0,0,,"Fetch Error"
9657394390,"anya","doomslayersgf",0,0,2022-05-17T21:54:37.31Z,""
6782702098,"","",0,0,,"Fetch Error"
8419910887,"springtrap fnaf meme","UrPerfectIfIFriendU",0,0,2022-01-01T05:08:29.743Z,""
10341849885,"","",0,0,,"Fetch Error"
9478562327,"Straw Hat Pirates","Creeper53011",0,0,2022-04-27T09:19:27.95Z,""
3169274816,"","",0,0,,"Fetch Error"
338312151,"Shocked face","nikeyeezy2redoctober",0,0,2015-12-31T21:34:38.127Z,""
4880579497,"","",0,0,,"Fetch Error"
6553589083,"Zavodila - Friday Night Funkin' Mid-Fight Masses O","Axioc",0,0,2021-03-22T13:59:44.75Z,""
3229058322,"","",0,0,,"Fetch Error"
4798335616,"Male Anime Face - Spirit","InouZaDarko",0,0,2020-03-20T03:20:10.787Z,""
2499469079,"","",0,0,,"Fetch Error"
67615196,"Favorite if you love Jesus","[Account Deleted (13767854)]",0,0,2011-12-14T16:37:06.203Z,""
1949963001,"","",0,0,,"Fetch Error"
8863809036,"meme meme meme meme meme meme meme meme meme meme","WhoBlokks",0,0,2022-02-19T00:01:56.987Z,""
6059300546,"","",0,0,,"Fetch Error"
1108382932,"kawaii burger","WakefulBadr",0,0,2017-10-15T04:39:19.073Z,""
5646047241,"","",0,0,,"Fetch Error"
9794138570,"Pitch Black Blank White Eyes OC anime","cyberneticvow",0,0,2022-06-02T00:54:03.96Z,""
4801497737,"","",0,0,,"Fetch Error"
688235194,"-","Palence",0,0,2017-03-10T05:34:50.17Z,""
4700049612,"","",0,0,,"Fetch Error"
10491133376,"A sonic meme","burnedpiano",0,0,2022-08-05T22:19:22.287Z,""
5650290,"","",0,0,,"Fetch Error"
474130210,"Eerie Makeup™ || Harley Quinn","dekorpsed",0,0,2016-08-06T22:52:30.78Z,""
1044750390,"","",0,0,,"Fetch Error"
8395655531,"Uncanny Mr Incredible","Cool_Adrian7",0,0,2021-12-29T17:53:33.4Z,""
143966585,"","",0,0,,"Fetch Error"
496077816,"Bloxikin Chill","cynicalsix",0,0,2016-09-04T19:56:45.533Z,""
731672614,"","",0,0,,"Fetch Error"
1228978229,"Anime girl","nekoluver",0,0,2017-12-08T12:41:31.277Z,""
398639066,"","",0,0,,"Fetch Error"
8956925462,"hello kitty","JenifferTheGamer",0,0,2022-02-27T11:31:45.603Z,""
6409799531,"","",0,0,,"Fetch Error"
6827283496,"[CSOM] amused - hazel eyes","44rising",0,0,2021-05-17T03:36:16.863Z,""
5188449834,"","",0,0,,"Fetch Error"
7588308746,"♧Aesthetic anime(halloween edition)♧","BrxkenCookie2",0,0,2021-09-28T07:14:55.65Z,""
6827292079,"","",0,0,,"Fetch Error"
6724301640,"fnf decals","Trashlez",0,0,2021-04-24T22:40:43.263Z,""
7713734565,"","",0,0,,"Fetch Error"
4632517063,"Peter Griffin Voice Call","CloakedDroid",0,0,2020-01-26T03:23:25.273Z,""
6026124707,"","",0,0,,"Fetch Error"
6026124707,"cat","junjun0602",0,0,2020-12-01T03:28:12.09Z,""
4656723596,"","",0,0,,"Fetch Error"
6827256637,"[CSOM] amused - blue eyes","44rising",0,0,2021-05-17T03:25:07.38Z,""
6724042036,"","",0,0,,"Fetch Error"
7235470440,"Cute Chill Face","FruitPunchTY2",0,0,2021-08-10T22:27:54.103Z,""
10350369623,"","",0,0,,"Fetch Error"
6723867507,"Sarvente ","cutebunnys2",0,0,2021-04-24T20:44:27.263Z,""
4770016934,"","",0,0,,"Fetch Error"
6718589518,"Parish - Friday Night Funkin' Mid-Fight Masses","Normal0003",0,0,2021-04-23T18:32:50.573Z,""
6827267991,"","",0,0,,"Fetch Error"
975228851,"Aesthetic","DisagreeableKitkat",0,0,2017-08-12T09:45:00.957Z,""
5183585523,"","",0,0,,"Fetch Error"
3293972833,"Black Man Laughing at Dark","IssizArda",0,0,2019-06-11T19:37:15.087Z,""
411397923,"","",0,0,,"Fetch Error"
1243374081,"Scary face","Eagle719",0,0,2017-12-15T00:10:26.297Z,""
3290515336,"","",0,0,,"Fetch Error"
391894325,"Eerie Makeup™ || Sly Pink","GrottyPuff",0,0,2016-04-01T20:12:59.483Z,""
700451191,"","",0,0,,"Fetch Error"
3321107316,"[MINIMALIST] loved","Ayzria",0,0,2019-06-17T04:20:56.69Z,""
2850234878,"","",0,0,,"Fetch Error"
1288584766,"purple aesthetic","Ayzria",0,0,2017-12-31T18:05:30.88Z,""
11778372953,"","",0,0,,"Fetch Error"
3321119415,"[MINIMALIST] sweet dreams","Ayzria",0,0,2019-06-17T04:24:51.477Z,""
1498375805,"","",0,0,,"Fetch Error"
1475834537,"kawaii","Dolliesqq",0,0,2018-03-03T18:02:16.63Z,""